id,name,read,pattern,sequence,feature_type
CD3,CD3_TotalSeqB,R2,5PNNNNNNNNNN(BC)NNNNNNNNN,AACAAGACCCTTGAG,Antibody Capture
CD4,CD4_TotalSeqB,R2,5PNNNNNNNNNN(BC)NNNNNNNNN,TACCCGTAATAGCGT,Antibody Capture
CD8a,CD8a_TotalSeqB,R2,5PNNNNNNNNNN(BC)NNNNNNNNN,ATTGGCACTCAGATG,Antibody Capture
CD14,CD14_TotalSeqB,R2,5PNNNNNNNNNN(BC)NNNNNNNNN,GAAAGTCAAAGCACT,Antibody Capture
CD15,CD15_TotalSeqB,R2,5PNNNNNNNNNN(BC)NNNNNNNNN,ACGAATCAATCTGTG,Antibody Capture
CD16,CD16_TotalSeqB,R2,5PNNNNNNNNNN(BC)NNNNNNNNN,GTCTTTGTCAGTGCA,Antibody Capture
CD56,CD56_TotalSeqB,R2,5PNNNNNNNNNN(BC)NNNNNNNNN,GTTGTCCGACAATAC,Antibody Capture
CD19,CD19_TotalSeqB,R2,5PNNNNNNNNNN(BC)NNNNNNNNN,TCAACGCTTGGCTAG,Antibody Capture
CD25,CD25_TotalSeqB,R2,5PNNNNNNNNNN(BC)NNNNNNNNN,GTGCATTCAACAGTA,Antibody Capture
CD45RA,CD45RA_TotalSeqB,R2,5PNNNNNNNNNN(BC)NNNNNNNNN,GATGAGAACAGGTTT,Antibody Capture
CD45RO,CD45RO_TotalSeqB,R2,5PNNNNNNNNNN(BC)NNNNNNNNN,TGCATGTCATCGGTG,Antibody Capture
PD-1,PD-1_TotalSeqB,R2,5PNNNNNNNNNN(BC)NNNNNNNNN,AAGTCGTGAGGCATG,Antibody Capture
TIGIT,TIGIT_TotalSeqB,R2,5PNNNNNNNNNN(BC)NNNNNNNNN,TGAAGGCTCATTTGT,Antibody Capture
CD127,CD127_TotalSeqB,R2,5PNNNNNNNNNN(BC)NNNNNNNNN,ACATTGACGCAACTA,Antibody Capture
IgG2a,IgG2a_control_TotalSeqB,R2,5PNNNNNNNNNN(BC)NNNNNNNNN,CTCTATTCAGACCAG,Antibody Capture
IgG1,IgG1_control_TotalSeqB,R2,5PNNNNNNNNNN(BC)NNNNNNNNN,ACTCACTGGAGTCTC,Antibody Capture
IgG2b,IgG2b_control_TotalSeqB,R2,5PNNNNNNNNNN(BC)NNNNNNNNN,ATCACATCGTTGCCA,Antibody Capture
